split,model,dimension,segment,sample_count,mean_actual,mean_predicted,mean_residual,mae
oof,HistGradientBoosting,position,DEF,13899,1.9897114900352544,1.913469034109144,0.07624245592611033,1.8450135238409098
oof,HistGradientBoosting,position,FWD,4297,2.6797765883174307,2.5429907912330685,0.1367857970843624,2.1233110708467966
oof,HistGradientBoosting,position,GK,2805,2.492691622103387,2.57297399363384,-0.08028237153045321,1.8863195642354844
oof,HistGradientBoosting,position,MID,18016,2.325266429840142,2.2921395936402513,0.03312683619989084,1.766047358919637
oof,HistGradientBoosting,price_band,budget,22915,1.8632773292603098,1.8528339610179754,0.01044336824233429,1.597046245835073
oof,HistGradientBoosting,price_band,mid,14287,2.6420522153006227,2.5462538875412513,0.09579832775937142,2.0651042865532774
oof,HistGradientBoosting,price_band,premium,1447,3.9322736696613685,3.6727035516251836,0.2595701180361838,3.008317263781125
oof,HistGradientBoosting,price_band,elite,368,5.217391304347826,5.120910214529246,0.0964810898185798,3.8653573078302954
oof,HistGradientBoosting,minutes_history_band,low,6620,1.280513595166163,1.2807693958065682,-0.0002558006404046684,1.2409603139502334
oof,HistGradientBoosting,minutes_history_band,rotation,13824,1.8328993055555556,1.812336961790676,0.020562343764879802,1.6202713478814248
oof,HistGradientBoosting,minutes_history_band,regular,17984,2.922875889679715,2.8223903457025807,0.10048554397713443,2.2256606872796154
oof,HistGradientBoosting,minutes_history_band,ever_present,589,2.8421052631578947,2.961984667280442,-0.11987940412254715,2.098261534414662
oof,HistGradientBoosting,home_away,away,18886,2.1668961135232445,2.077150841279039,0.08974527224420589,1.7665263397969428
oof,HistGradientBoosting,home_away,home,18975,2.3839262187088273,2.3677845697433457,0.016141648965481804,1.9578230975903348
oof,HistGradientBoosting,home_away,mixed_or_blank,1156,1.6392733564013842,1.6238179125443466,0.01545544385703758,1.1796163538828155
oof,HistGradientBoosting,fixture_band,easy,12084,2.6502813637868257,2.541715510065234,0.10856585372159136,2.147218843805786
oof,HistGradientBoosting,fixture_band,medium,16499,2.328504757864113,2.2256893481930824,0.10281540967103044,1.88162727069287
oof,HistGradientBoosting,fixture_band,hard,9688,1.8177126341866225,1.9067110475245483,-0.08899841333792577,1.521512791136487
oof,HistGradientBoosting,fixture_band,nan,746,0.0,0.17018913980347367,-0.17018913980347367,0.19245236867175852
oof,HistGradientBoosting,prediction_band,<2,17675,1.1996605374823197,1.1707496145725098,0.02891092290980999,1.2137928182626883
oof,HistGradientBoosting,prediction_band,2-4,18772,2.9185489026209246,2.807499178655003,0.111049723965922,2.2205748024753023
oof,HistGradientBoosting,prediction_band,4-6,2252,4.385435168738899,4.595910022036996,-0.21047485329809715,3.2766849029448246
oof,HistGradientBoosting,prediction_band,6-8,260,6.5115384615384615,6.8002583833882815,-0.2887199218498205,4.037937294111332
oof,HistGradientBoosting,prediction_band,8+,58,8.517241379310345,8.99113685496701,-0.4738954756566659,5.320170388105627
oof,HistGradientBoosting,gw,2,688,2.872093023255814,2.6288700450222855,0.2432229782335285,2.1397738783649514
oof,HistGradientBoosting,gw,3,827,2.5755743651753327,2.434963750886414,0.14061061428891844,1.9003574521023696
oof,HistGradientBoosting,gw,4,939,2.445154419595314,2.378365221288316,0.06678919830699806,1.992727843224249
oof,HistGradientBoosting,gw,5,1024,2.189453125,2.2227869892234065,-0.03333386422340634,1.7466483753288058
oof,HistGradientBoosting,gw,6,1083,2.148661126500462,2.247186119586762,-0.09852499308630037,1.8435194097061622
oof,HistGradientBoosting,gw,7,1078,2.292207792207792,2.266381955221957,0.02582583698583514,1.7951092469195897
oof,HistGradientBoosting,gw,8,1082,2.210720887245841,2.2447228562581416,-0.03400196901230038,1.8575533420930577
oof,HistGradientBoosting,gw,9,1077,2.188486536675952,2.2291009073777537,-0.04061437070180188,1.739952436456401
oof,HistGradientBoosting,gw,10,1079,2.1872103799814644,2.2146107537634854,-0.027400373782021332,1.762667294478614
oof,HistGradientBoosting,gw,11,1073,2.29170549860205,2.2155840634854753,0.07612143511657496,1.8987551866359285
oof,HistGradientBoosting,gw,12,1068,2.24438202247191,2.2213423423731893,0.02303968009872061,1.90827764201128
oof,HistGradientBoosting,gw,13,1065,2.1868544600938966,2.203103384371512,-0.01624892427761516,1.8988273305571741
oof,HistGradientBoosting,gw,14,1066,2.3330206378986866,2.2296716342298275,0.10334900366885925,1.9676580843268314
oof,HistGradientBoosting,gw,15,1083,2.240073868882733,2.1378134072070814,0.1022604616756518,1.8500584519494105
oof,HistGradientBoosting,gw,16,1076,2.2342007434944238,2.206028550655044,0.028172192839379735,1.8375853654636216
oof,HistGradientBoosting,gw,17,1067,2.262417994376757,2.105186219828088,0.15723177454866918,1.9020543241034058
oof,HistGradientBoosting,gw,18,1084,2.157749077490775,2.1049150973690263,0.05283398012174908,1.7255429583913848
oof,HistGradientBoosting,gw,19,1088,2.2380514705882355,2.1316665042951435,0.10638496629309217,1.880318492749026
oof,HistGradientBoosting,gw,20,1091,2.1934005499541707,2.152444710041413,0.040955839912757634,1.7891914212245403
oof,HistGradientBoosting,gw,21,1084,2.209409594095941,2.1849276533467785,0.02448194074916196,1.7783658772811866
oof,HistGradientBoosting,gw,22,1062,2.238229755178908,2.2007046734793656,0.037525081699541565,1.9337283397165705
oof,HistGradientBoosting,gw,23,1076,2.1728624535315983,2.21175929088144,-0.038896837349841604,1.8922553716072712
oof,HistGradientBoosting,gw,24,1105,2.2733031674208144,2.213450424555124,0.05985274286569059,1.904576379387914
oof,HistGradientBoosting,gw,25,1103,2.2783318223028104,2.344762017029297,-0.06643019472648662,1.8524510630377633
oof,HistGradientBoosting,gw,26,1101,2.1335149863760217,2.113613508340435,0.019901478035586652,1.816259766371401
oof,HistGradientBoosting,gw,27,1092,2.2976190476190474,2.2026107202212435,0.09500832739780433,1.8265849365857008
oof,HistGradientBoosting,gw,28,1081,2.18686401480111,2.2930382129241584,-0.10617419812304824,1.8024676110856463
oof,HistGradientBoosting,gw,29,1079,1.6302131603336423,1.6302010418904558,1.2118443186463895e-05,1.3706075252156782
oof,HistGradientBoosting,gw,30,1048,2.256679389312977,2.0272384097325746,0.2294409795804026,1.8270107027155988
oof,HistGradientBoosting,gw,31,1057,2.109744560075686,2.0309147762329505,0.07882978384273537,1.6710416159326171
oof,HistGradientBoosting,gw,32,1053,2.3304843304843303,2.23473070590483,0.09575362457950047,1.868928548292932
oof,HistGradientBoosting,gw,33,1056,2.7140151515151514,2.606877165317804,0.10713798619734777,2.0636550923907135
oof,HistGradientBoosting,gw,34,1062,2.1732580037664784,2.016856091710527,0.1564019120559517,1.8127350769534267
oof,HistGradientBoosting,gw,35,1072,2.2220149253731343,2.1348940238865444,0.08712090148659007,1.7735146000880697
oof,HistGradientBoosting,gw,36,1081,2.436632747456059,2.223023366182359,0.21360938127370027,1.8922339068921719
oof,HistGradientBoosting,gw,37,1085,2.447926267281106,2.352523613331674,0.09540265394943193,1.884176084583586
oof,HistGradientBoosting,gw,38,1082,2.2264325323475047,2.2170062061430524,0.009426326204452029,1.8946021177772594
oof,HistGradientBoosting,season_stage,GW1-5,3478,2.4853364002300173,2.395571142240625,0.08976525798939224,1.9274006389672262
oof,HistGradientBoosting,season_stage,GW6-10,5399,2.205408408964623,2.240407321035318,-0.034998912070695255,1.799847895877338
oof,HistGradientBoosting,season_stage,GW11+,30140,2.2396483078964833,2.1767472112539683,0.06290109664251499,1.8399159928035977
oof,Random Forest,position,DEF,13899,1.9897114900352544,1.8883353344077856,0.10137615562746895,1.8338718849281916
oof,Random Forest,position,FWD,4297,2.6797765883174307,2.581470936321633,0.09830565199579784,2.1380780207508048
oof,Random Forest,position,GK,2805,2.492691622103387,2.5296758521308487,-0.036984230027461526,1.8505267955507412
oof,Random Forest,position,MID,18016,2.325266429840142,2.2768296841059503,0.04843674573419198,1.753785978236847
oof,Random Forest,price_band,budget,22915,1.8632773292603098,1.8328831711320828,0.030394158128226993,1.581540574273614
oof,Random Forest,price_band,mid,14287,2.6420522153006227,2.537037807988917,0.10501440731170619,2.061009201882441
oof,Random Forest,price_band,premium,1447,3.9322736696613685,3.708573721317062,0.22369994834430632,3.0210745731336526
oof,Random Forest,price_band,elite,368,5.217391304347826,5.000474392425467,0.21691691192235946,3.8182249867372637
oof,Random Forest,minutes_history_band,low,6620,1.280513595166163,1.2542221399554219,0.02629145521074129,1.224744418160738
oof,Random Forest,minutes_history_band,rotation,13824,1.8328993055555556,1.8059775109486427,0.026921794606912856,1.612355459264988
oof,Random Forest,minutes_history_band,regular,17984,2.922875889679715,2.8085469385202497,0.11432895115946559,2.215574136218119
oof,Random Forest,minutes_history_band,ever_present,589,2.8421052631578947,2.845443056333773,-0.0033377931758785473,2.0735946457862084
oof,Random Forest,home_away,away,18886,2.1668961135232445,2.129108803265032,0.037787310258212664,1.7847072493639617
oof,Random Forest,home_away,home,18975,2.3839262187088273,2.28796290506999,0.09596331363883744,1.9216413900221532
oof,Random Forest,home_away,mixed_or_blank,1156,1.6392733564013842,1.5823640123021083,0.056909344099275665,1.119477458529292
oof,Random Forest,fixture_band,easy,12084,2.6502813637868257,2.4122236212153045,0.23805774257152082,2.095388313801267
oof,Random Forest,fixture_band,medium,16499,2.328504757864113,2.2638394664122554,0.0646652914518576,1.8877934567555301
oof,Random Forest,fixture_band,hard,9688,1.8177126341866225,1.9494467512036018,-0.13173411701697876,1.540962607618533
oof,Random Forest,fixture_band,nan,746,0.0,0.08983922201830875,-0.08983922201830875,0.08983922201830875
oof,Random Forest,prediction_band,<2,16651,1.1480992132604648,1.121101366952011,0.026997846308453775,1.171931037285337
oof,Random Forest,prediction_band,2-4,20316,2.885312069304981,2.794599964018003,0.09071210528697841,2.2065381288037464
oof,Random Forest,prediction_band,4-6,1813,4.723662437948152,4.6030997081240494,0.12056272982410232,3.3763675031532414
oof,Random Forest,prediction_band,6-8,196,7.295918367346939,6.681033805065472,0.6148845622814668,4.097608456576252
oof,Random Forest,prediction_band,8+,41,7.926829268292683,8.687893991665236,-0.761064723372554,4.802550290174745
oof,Random Forest,gw,2,688,2.872093023255814,2.622350316930677,0.24974270632513676,2.1255827735966264
oof,Random Forest,gw,3,827,2.5755743651753327,2.3890385710689563,0.18653579410637608,1.9073648587016554
oof,Random Forest,gw,4,939,2.445154419595314,2.345401677104624,0.09975274249069029,1.9592264218013673
oof,Random Forest,gw,5,1024,2.189453125,2.218549059268364,-0.029095934268364196,1.7389845466873268
oof,Random Forest,gw,6,1083,2.148661126500462,2.2018337424369108,-0.053172615936449376,1.8321903274507216
oof,Random Forest,gw,7,1078,2.292207792207792,2.236502710669579,0.0557050815382132,1.7854983023355904
oof,Random Forest,gw,8,1082,2.210720887245841,2.2056951397426987,0.005025747503142947,1.8372348770491564
oof,Random Forest,gw,9,1077,2.188486536675952,2.211720821828426,-0.023234285152474013,1.7450241706356318
oof,Random Forest,gw,10,1079,2.1872103799814644,2.197011373735818,-0.009800993754353568,1.7479146766481233
oof,Random Forest,gw,11,1073,2.29170549860205,2.1961216744101866,0.09558382419186384,1.8706517795914288
oof,Random Forest,gw,12,1068,2.24438202247191,2.2078709857519976,0.03651103671991267,1.8951741707223642
oof,Random Forest,gw,13,1065,2.1868544600938966,2.211370580229411,-0.0245161201355139,1.8876585551418343
oof,Random Forest,gw,14,1066,2.3330206378986866,2.186922274521785,0.14609836337690194,1.9571935631188353
oof,Random Forest,gw,15,1083,2.240073868882733,2.11232261164297,0.12775125723976336,1.8381486417843023
oof,Random Forest,gw,16,1076,2.2342007434944238,2.1758376044679264,0.05836313902649749,1.801630529582348
oof,Random Forest,gw,17,1067,2.262417994376757,2.1324252287764964,0.12999276560026113,1.9115989638960436
oof,Random Forest,gw,18,1084,2.157749077490775,2.102964469812786,0.05478460767798877,1.7030173187883195
oof,Random Forest,gw,19,1088,2.2380514705882355,2.1263984939210925,0.11165297666714274,1.876961323371325
oof,Random Forest,gw,20,1091,2.1934005499541707,2.1609718559409163,0.03242869401325359,1.7897368955282529
oof,Random Forest,gw,21,1084,2.209409594095941,2.162468298487299,0.046941295608641895,1.7741063422401375
oof,Random Forest,gw,22,1062,2.238229755178908,2.193236542376808,0.04499321280209946,1.920002640230184
oof,Random Forest,gw,23,1076,2.1728624535315983,2.2006437060353927,-0.027781252503794103,1.8726033320681128
oof,Random Forest,gw,24,1105,2.2733031674208144,2.206690748943965,0.06661241847684965,1.8928691286972708
oof,Random Forest,gw,25,1103,2.2783318223028104,2.3502665086923726,-0.0719346863895619,1.8610497074787113
oof,Random Forest,gw,26,1101,2.1335149863760217,2.1118465880458577,0.02166839833016378,1.8217199137525355
oof,Random Forest,gw,27,1092,2.2976190476190474,2.1437959171976435,0.1538231304214039,1.8267447049252128
oof,Random Forest,gw,28,1081,2.18686401480111,2.2500481067460614,-0.06318409194495142,1.7578964290274213
oof,Random Forest,gw,29,1079,1.6302131603336423,1.6110436647967963,0.01916949553684624,1.3285463165598048
oof,Random Forest,gw,30,1048,2.256679389312977,1.978605109705045,0.2780742796079322,1.805522845339161
oof,Random Forest,gw,31,1057,2.109744560075686,2.0070324796910857,0.10271208038460031,1.6593817724018411
oof,Random Forest,gw,32,1053,2.3304843304843303,2.1766761848233434,0.15380814566098733,1.8688891568160613
oof,Random Forest,gw,33,1056,2.7140151515151514,2.580474341329701,0.13354081018545025,2.067850118736172
oof,Random Forest,gw,34,1062,2.1732580037664784,1.9907039485992086,0.1825540551672697,1.750756401019384
oof,Random Forest,gw,35,1072,2.2220149253731343,2.176832565863686,0.04518235950944861,1.7871781236058455
oof,Random Forest,gw,36,1081,2.436632747456059,2.273102592861041,0.1635301545950186,1.9031538833178052
oof,Random Forest,gw,37,1085,2.447926267281106,2.374774200936515,0.0731520663445911,1.8984614896654994
oof,Random Forest,gw,38,1082,2.2264325323475047,2.224475107924416,0.0019574244230884455,1.9012686544394934
oof,Random Forest,season_stage,GW1-5,3478,2.4853364002300173,2.3732140102974064,0.1121223899326108,1.9149584451581527
oof,Random Forest,season_stage,GW6-10,5399,2.205408408964623,2.2105383596467387,-0.00512995068211561,1.7896477865145373
oof,Random Forest,season_stage,GW11+,30140,2.2396483078964833,2.165392264394179,0.07425604350230357,1.8294860171720626
oof,Ridge,position,DEF,13899,1.9897114900352544,1.8293420072114586,0.16036948282379557,1.8294361583952432
oof,Ridge,position,FWD,4297,2.6797765883174307,2.4742281682543363,0.2055484200630947,2.1227577804856264
oof,Ridge,position,GK,2805,2.492691622103387,2.601889471302884,-0.10919784919949754,1.9238256484692617
oof,Ridge,position,MID,18016,2.325266429840142,2.2376156888758283,0.08765074096431387,1.76013711311408
oof,Ridge,price_band,budget,22915,1.8632773292603098,1.789588929240139,0.07368840002017055,1.590844800498169
oof,Ridge,price_band,mid,14287,2.6420522153006227,2.463784682468251,0.17826753283237134,2.0535727089867506
oof,Ridge,price_band,premium,1447,3.9322736696613685,3.7646612319666337,0.16761243769473502,3.04081845805031
oof,Ridge,price_band,elite,368,5.217391304347826,5.470055272812605,-0.25266396846477956,3.97314759943944
oof,Ridge,minutes_history_band,low,6620,1.280513595166163,1.178513060689318,0.1020005344768453,1.2476743953733322
oof,Ridge,minutes_history_band,rotation,13824,1.8328993055555556,1.7653916615610739,0.06750764399448168,1.6307500592355504
oof,Ridge,minutes_history_band,regular,17984,2.922875889679715,2.7667023690453343,0.1561735206343812,2.199606145515968
oof,Ridge,minutes_history_band,ever_present,589,2.8421052631578947,2.896538232457728,-0.054432969299832816,2.198598106789286
oof,Ridge,home_away,away,18886,2.1668961135232445,1.969563088353648,0.19733302516959686,1.732334946433575
oof,Ridge,home_away,home,18975,2.3839262187088273,2.3494897105021866,0.03443650820664119,1.9502642423015666
oof,Ridge,home_away,mixed_or_blank,1156,1.6392733564013842,1.6351483318222162,0.004125024579167985,1.6718362682396521
oof,Ridge,fixture_band,easy,12084,2.6502813637868257,2.5290302628281163,0.1212511009587097,2.1503087224046102
oof,Ridge,fixture_band,medium,16499,2.328504757864113,2.2106074029499587,0.11789735491415446,1.8665749401905543
oof,Ridge,fixture_band,hard,9688,1.8177126341866225,1.7100264806608678,0.10768615352575477,1.4681231091019653
oof,Ridge,fixture_band,nan,746,0.0,0.09198047330248507,-0.09198047330248507,0.8735352565424374
oof,Ridge,prediction_band,<2,17569,1.1824235869998292,1.1305051682304978,0.0519184187693315,1.2281200696296217
oof,Ridge,prediction_band,2-4,19393,2.9204352085804155,2.780642951285599,0.13979225729481692,2.209075225144996
oof,Ridge,prediction_band,4-6,1868,5.012312633832977,4.621300909889669,0.3910117239433073,3.446173074848713
oof,Ridge,prediction_band,6-8,179,6.597765363128492,6.590266791000251,0.007498572128241438,4.1911972550656715
oof,Ridge,prediction_band,8+,8,12.5,8.73316310328527,3.7668368967147305,6.3339456334856585
oof,Ridge,gw,2,688,2.872093023255814,2.527959305851786,0.34413371740402765,2.0794772702168824
oof,Ridge,gw,3,827,2.5755743651753327,2.3794455523181357,0.196128812857197,1.8966825639113152
oof,Ridge,gw,4,939,2.445154419595314,2.2822694207566663,0.16288499883864843,1.93482005294964
oof,Ridge,gw,5,1024,2.189453125,2.1724393310139707,0.017013793986028893,1.7452119047873036
oof,Ridge,gw,6,1083,2.148661126500462,2.1681305632001204,-0.01946943669965862,1.8142880412167015
oof,Ridge,gw,7,1078,2.292207792207792,2.2120350974350127,0.08017269477277915,1.8002131902524774
oof,Ridge,gw,8,1082,2.210720887245841,2.1523091991512273,0.05841168809461383,1.818872456024196
oof,Ridge,gw,9,1077,2.188486536675952,2.1523301601282476,0.036156376547703865,1.7120588270630426
oof,Ridge,gw,10,1079,2.1872103799814644,2.1343096232728427,0.052900756708621086,1.7151820177732255
oof,Ridge,gw,11,1073,2.29170549860205,2.146836215638605,0.14486928296344534,1.8374657652559905
oof,Ridge,gw,12,1068,2.24438202247191,2.132705971416272,0.1116760510556381,1.8728445895110162
oof,Ridge,gw,13,1065,2.1868544600938966,2.1543632056501236,0.03249125444377329,1.8598608174515163
oof,Ridge,gw,14,1066,2.3330206378986866,2.154730081677933,0.17829055622075346,1.959226417094025
oof,Ridge,gw,15,1083,2.240073868882733,2.0762433684102852,0.16383050047244802,1.857456472959396
oof,Ridge,gw,16,1076,2.2342007434944238,2.126013830790484,0.10818691270393986,1.7945549563260499
oof,Ridge,gw,17,1067,2.262417994376757,2.0675958450989262,0.19482214927783112,1.9369712786887847
oof,Ridge,gw,18,1084,2.157749077490775,2.032019596577393,0.12572948091338212,1.7205943355808833
oof,Ridge,gw,19,1088,2.2380514705882355,2.0799689837287585,0.15808248685947676,1.8719232719477645
oof,Ridge,gw,20,1091,2.1934005499541707,2.0891074730150994,0.10429307693907146,1.79058513804951
oof,Ridge,gw,21,1084,2.209409594095941,2.1202585241990795,0.08915106989686152,1.7701948919451151
oof,Ridge,gw,22,1062,2.238229755178908,2.1388603797919554,0.09936937538695247,1.9012477315248164
oof,Ridge,gw,23,1076,2.1728624535315983,2.145739694192145,0.027122759339453816,1.86379553476034
oof,Ridge,gw,24,1105,2.2733031674208144,2.144914794651441,0.1283883727693733,1.8858379551396922
oof,Ridge,gw,25,1103,2.2783318223028104,2.312961912462812,-0.034630090160001605,1.8514643223235197
oof,Ridge,gw,26,1101,2.1335149863760217,2.107337502365383,0.02617748401063849,1.8711138119938704
oof,Ridge,gw,27,1092,2.2976190476190474,2.1111002358896003,0.18651881172944734,1.8137747323139863
oof,Ridge,gw,28,1081,2.18686401480111,2.174832794389773,0.012031220411337265,1.7446067379446017
oof,Ridge,gw,29,1079,1.6302131603336423,1.5279260802101824,0.10228708012346013,1.5289488241874591
oof,Ridge,gw,30,1048,2.256679389312977,1.9630488281718725,0.2936305611411044,1.8114190630439049
oof,Ridge,gw,31,1057,2.109744560075686,1.9380009827884188,0.17174357728726716,1.687583736719721
oof,Ridge,gw,32,1053,2.3304843304843303,2.11179039638167,0.21869393410266072,1.8564163576732315
oof,Ridge,gw,33,1056,2.7140151515151514,2.537892267560536,0.17612288395461517,2.0874470443527895
oof,Ridge,gw,34,1062,2.1732580037664784,2.0367663176794917,0.13649168608698636,1.9034552015074913
oof,Ridge,gw,35,1072,2.2220149253731343,2.1680914019371684,0.053923523435965875,1.7732500803043527
oof,Ridge,gw,36,1081,2.436632747456059,2.233305691756283,0.203327055699776,1.901327568490076
oof,Ridge,gw,37,1085,2.447926267281106,2.340780892833907,0.10714537444719895,1.9033935466391072
oof,Ridge,gw,38,1082,2.2264325323475047,2.196171555681543,0.03026097666596138,1.8935133927783867
oof,Ridge,season_stage,GW1-5,3478,2.4853364002300173,2.321640694434141,0.16369570579587622,1.8985422261316225
oof,Ridge,season_stage,GW6-10,5399,2.205408408964623,2.1638150499040236,0.04159335906059958,1.7721971696744294
oof,Ridge,season_stage,GW11+,30140,2.2396483078964833,2.120499781862598,0.11914852603388541,1.8408945633889762
test,Ridge (position_specific),position,DEF,4680,2.3365384615384617,1.9009257449608132,0.435612716577648,1.9621176865683363
test,Ridge (position_specific),position,FWD,1461,2.6386036960985626,2.666189929768537,-0.02758623366997419,2.124746499806693
test,Ridge (position_specific),position,GK,899,2.6262513904338154,2.616514878545921,0.009736511887894593,1.8734750383236383
test,Ridge (position_specific),position,MID,5925,2.401350210970464,2.287317107095492,0.11403310387497254,1.8060692919862669
test,Ridge (position_specific),price_band,budget,6608,2.1319612590799033,1.80699254153106,0.32496871754884304,1.7169641403840104
test,Ridge (position_specific),price_band,mid,5715,2.594050743657043,2.473444936899935,0.12060580675710736,1.9876786895097829
test,Ridge (position_specific),price_band,premium,497,3.7142857142857144,3.780746056143303,-0.06646034185758871,2.920414076398448
test,Ridge (position_specific),price_band,elite,145,4.275862068965517,5.10938889957526,-0.8335268306097423,3.5548377769172097
test,Ridge (position_specific),minutes_history_band,low,2113,1.3975390440132514,1.2307905552082432,0.16674848880500814,1.3365712132079786
test,Ridge (position_specific),minutes_history_band,rotation,4657,1.9613485076229331,1.821116952293365,0.1402315553295684,1.6849233203378806
test,Ridge (position_specific),minutes_history_band,regular,6091,3.1347890329995076,2.8521285319978786,0.2826605010016282,2.2683663205469955
test,Ridge (position_specific),minutes_history_band,ever_present,104,1.9038461538461537,2.329997411324139,-0.42615125747798477,1.7759412409159292
test,Ridge (position_specific),home_away,away,6307,2.3023624544157286,2.038450324560037,0.2639121298556911,1.8016323570705421
test,Ridge (position_specific),home_away,home,6346,2.5523164197919948,2.3889168852556195,0.1633995345363755,2.0057431835685504
test,Ridge (position_specific),home_away,mixed_or_blank,312,2.1185897435897436,2.1784101228515826,-0.059820379261838745,1.861661874548217
test,Ridge (position_specific),fixture_band,easy,2266,2.9854368932038833,2.708490542161386,0.2769463510424976,2.31296992038956
test,Ridge (position_specific),fixture_band,medium,7717,2.463133341972269,2.2564204488924386,0.2067128930798303,1.9136482661836447
test,Ridge (position_specific),fixture_band,hard,2810,1.995017793594306,1.8104921027548155,0.18452569083949058,1.5997063820455995
test,Ridge (position_specific),fixture_band,nan,172,0.0,0.34021934756005334,-0.34021934756005334,0.9778580263890195
test,Ridge (position_specific),prediction_band,<2,5540,1.309927797833935,1.17002278539552,0.1399050124384148,1.3240154325601594
test,Ridge (position_specific),prediction_band,2-4,6712,3.0788140643623363,2.803200086229468,0.275613978132868,2.2302332049213445
test,Ridge (position_specific),prediction_band,4-6,647,4.734157650695518,4.585177412256849,0.14898023843866942,3.24035289740739
test,Ridge (position_specific),prediction_band,6-8,65,5.892307692307693,6.508429460820222,-0.616121768512529,4.151918923172166
test,Ridge (position_specific),prediction_band,8+,1,11.0,9.573798615142923,1.4262013848570767,1.4262013848570767
test,Ridge (position_specific),gw,2,228,3.1052631578947367,2.7816180048676626,0.32364515302707436,2.3007029647993256
test,Ridge (position_specific),gw,3,281,2.832740213523132,2.4515985710883967,0.3811416424347348,2.099995701800769
test,Ridge (position_specific),gw,4,320,2.68125,2.3417739394100616,0.3394760605899384,2.0530670507143407
test,Ridge (position_specific),gw,5,352,2.252840909090909,2.1686685327057122,0.0841723763851966,1.781724167971531
test,Ridge (position_specific),gw,6,365,2.191780821917808,2.2282097801597147,-0.0364289582419064,1.803558107472013
test,Ridge (position_specific),gw,7,362,2.3314917127071824,2.192490721054608,0.13900099165257476,1.7398803963728111
test,Ridge (position_specific),gw,8,368,2.4592391304347827,2.162764663687635,0.29647446674714745,1.9033407932838977
test,Ridge (position_specific),gw,9,366,2.4098360655737703,2.1863628023816,0.2234732631921704,1.8278424433558853
test,Ridge (position_specific),gw,10,363,2.3636363636363638,2.182425260489179,0.1812111031471846,1.7539937257386506
test,Ridge (position_specific),gw,11,354,2.615819209039548,2.2520784375418748,0.3637407714976732,1.9451912853550695
test,Ridge (position_specific),gw,12,349,2.4498567335243555,2.1924419044562784,0.257414829068077,1.8967433593613532
test,Ridge (position_specific),gw,13,349,2.3810888252148996,2.2491333810772645,0.13195544413763563,1.9738104954185947
test,Ridge (position_specific),gw,14,350,2.6028571428571428,2.2093293640705385,0.39352777878660417,2.0548264702099392
test,Ridge (position_specific),gw,15,350,2.5828571428571427,2.2509889797058835,0.33186816315125894,1.9815479770534548
test,Ridge (position_specific),gw,16,359,2.4623955431754876,2.1939224110619557,0.2684731321135318,1.926237572756064
test,Ridge (position_specific),gw,17,350,2.434285714285714,2.245554746010397,0.1887309682753174,2.047884719411801
test,Ridge (position_specific),gw,18,358,2.4078212290502794,2.1811899697158306,0.2266312593344491,1.8579668883646379
test,Ridge (position_specific),gw,19,362,2.483425414364641,2.1757531656231577,0.307672248741483,1.9584385213229953
test,Ridge (position_specific),gw,20,363,2.3801652892561984,2.1493556331022567,0.23080965615394172,1.8383225316018135
test,Ridge (position_specific),gw,21,359,2.3983286908077996,2.184512219005171,0.21381647180262828,1.853950552022868
test,Ridge (position_specific),gw,22,337,2.451038575667656,2.260455045821756,0.1905835298458995,1.9510017400893203
test,Ridge (position_specific),gw,23,349,2.343839541547278,2.2454288025448212,0.09841073900245678,1.9872418046813787
test,Ridge (position_specific),gw,24,364,2.32967032967033,2.1709285200179083,0.15874180965242157,1.8864841768690903
test,Ridge (position_specific),gw,25,367,2.1662125340599454,2.102045315098632,0.0641672189613137,1.7301074884179592
test,Ridge (position_specific),gw,26,368,2.407608695652174,2.413292899993331,-0.005684204341157215,1.976106718719312
test,Ridge (position_specific),gw,27,360,2.433333333333333,2.2576179930410927,0.17571534029224053,1.8638651128298174
test,Ridge (position_specific),gw,28,356,2.2191011235955056,2.16474353641674,0.054357587178765515,1.826620689884534
test,Ridge (position_specific),gw,29,357,2.3893557422969187,2.1750206821165015,0.21433506018041718,1.87921539693286
test,Ridge (position_specific),gw,30,355,2.5295774647887326,2.1959490360559193,0.3336284287328135,1.9703377373776199
test,Ridge (position_specific),gw,31,353,2.008498583569405,1.8054773160512618,0.20302126751814326,1.6693447201393414
test,Ridge (position_specific),gw,32,346,2.3583815028901736,2.084206008592772,0.2741754942974013,1.7942192110070516
test,Ridge (position_specific),gw,33,356,3.247191011235955,2.8679518101926176,0.3792392010433376,2.2447095825399908
test,Ridge (position_specific),gw,34,360,1.7138888888888888,1.6205288678701724,0.09336002101871664,1.6708514456827126
test,Ridge (position_specific),gw,35,353,2.320113314447592,2.0311668281907336,0.28894648625685887,1.8459780778998007
test,Ridge (position_specific),gw,36,352,2.5823863636363638,2.4137706570309145,0.16861570660544947,1.9593695736350336
test,Ridge (position_specific),gw,37,365,2.3315068493150686,2.1726856784425386,0.15882117087252987,1.818677012187447
test,Ridge (position_specific),gw,38,359,2.2813370473537606,2.2088235153960443,0.07251353195771612,1.962014548136452
test,Ridge (position_specific),season_stage,GW1-5,1181,2.6714648602878914,2.4012253071204883,0.270239553167403,2.031166326447782
test,Ridge (position_specific),season_stage,GW6-10,1824,2.3514254385964914,2.1904083126350606,0.16101712596143028,1.8060607902160641
test,Ridge (position_specific),season_stage,GW11+,9960,2.4031124497991967,2.1952896444986307,0.20782280530056604,1.905533906720888
